Query,Vague_A Transformation
Consider the Non-Disclosure Agreement between IGC and LSE; Does the document permit the Receiving Party to retain some Confidential Information even after its return or destruction?,Can the Receiving Party keep some Confidential Information after returning or destroying the document in the Non-Disclosure Agreement between IGC and LSE?
Consider DBT's Mutual Non-Disclosure Agreement; Does the document require that all Confidential Information be expressly identified by the Disclosing Party?,What identification process is necessary for Confidential Information according to DBT's Mutual Non-Disclosure Agreement?
Consider Evelozcity's Non-Disclosure Agreement; Does the document require that all Confidential Information be expressly identified by the Disclosing Party?,Is there a specific requirement within Evelozcity's Non-Disclosure Agreement regarding the identification of Confidential Information by the Disclosing Party?
Consider the Data Use Agreement in New York City; Does the document permit the Receiving Party to retain some Confidential Information even after its return or destruction?,"What can the Receiving Party do with certain Confidential Information according to the Data Use Agreement in New York City, even after its return or destruction?"
Consider the Non-Disclosure Agreement between IBC and PMS; Does the document allow the Receiving Party to acquire information similar to the Confidential Information from a third party?,Does the document allow the Receiving Party to obtain information resembling the Confidential Information from an external source?
Consider GreenStorm's Non-Disclosure Agreement; Does the document include a clause that prohibits the Receiving Party from soliciting some of the Disclosing Party's representatives?,Does the Non-Disclosure Agreement from GreenStorm contain a clause restricting the Receiving Party from contacting certain individuals associated with the Disclosing Party?
Consider the Non-Disclosure Agreement between IBC and PMS; Does the document indicate that the Agreement does not grant the Receiving Party any rights to the Confidential Information?,Does the document between the two parties clarify the rights of the Receiving Party related to the Confidential Information?
Consider the Non-Disclosure Agreement between CopAcc and ToP Mentors; Does the document allow the Receiving Party to acquire information similar to the Confidential Information from a third party?,Does the NDA between two parties permit the recipient to obtain comparable information from an external source?
Consider the Data Use Agreement in New York City; Does the document allow the Receiving Party to share some Confidential Information with their employees?,Is sharing some Confidential Information with employees allowed under the Data Use Agreement in New York City?
Consider INFOMAGNET's Non-Disclosure Agreement; Does the document require that all Confidential Information be expressly identified by the Disclosing Party?,Does the INFOMAGNET Non-Disclosure Agreement specify how Confidential Information should be identified?
"Consider the Non-Disclosure Agreement between CopAcc and ToP Mentors; Does the document require the Receiving Party to notify the Disclosing Party if they are required by law, regulation, or judicial process to disclose any Confidential Information?","Is the Receiving Party obligated to inform the Disclosing Party if they are compelled by legal, regulatory, or judicial means to reveal any Confidential Information in the Non-Disclosure Agreement between CopAcc and ToP Mentors?"
Consider the Non-Disclosure Agreement between DoiT and ICN; Does the document restrict the use of Confidential Information to the purposes stated in the Agreement?,Is the use of Confidential Information restricted to the purposes outlined in the Non-Disclosure Agreement between DoiT and ICN?
Consider the Non-Disclosure Agreement between IGC and LSE; Does the document require that all Confidential Information be expressly identified by the Disclosing Party?,Does the Non-Disclosure Agreement between IGC and LSE specify how Confidential Information is to be treated?
Consider Epsteen's Non-Disclosure Agreement; Does the document state that Confidential Information shall only include technical information?,What types of information are classified as Confidential Information in Epsteen's Non-Disclosure Agreement?
"Consider FNHA's Non-Disclosure Agreement; Does the document allow the Receiving Party to share some Confidential Information with third parties, including consultants, agents, and professional advisors?",Does FNHA's Non-Disclosure Agreement permit the Receiving Party to disclose certain Confidential Information to external entities?
Consider the Mutual Non-Disclosure Agreement between IPTK and CO; Does the document mention that some obligations of the Agreement may survive the termination of the Agreement?,Does the document mention any provisions that could continue after the Agreement is terminated?
Consider Eskom's Confidentiality and Non-Disclosure Agreement; Does the document mention that some obligations of the Agreement may survive the termination of the Agreement?,Does the Confidentiality and Non-Disclosure Agreement from Eskom include any provisions about certain obligations continuing after the agreement has ended?
Consider FNHA's Non-Disclosure Agreement; Does the document require that all Confidential Information be expressly identified by the Disclosing Party?,Does FNHA's Non-Disclosure Agreement specify how Confidential Information is identified?
Consider the Mutual Non-Disclosure Agreement between IPTK and CO; Does the document indicate that the Agreement does not grant the Receiving Party any rights to the Confidential Information?,Is there any provision in the Mutual Non-Disclosure Agreement between IPTK and CO that specifies the rights of the Receiving Party with regard to the Confidential Information?
Consider Excelerate's Non-Disclosure Agreement; Does the document mention that some obligations of the Agreement may survive the termination of the Agreement?,Does the Excelerate Non-Disclosure Agreement address the continuation of certain commitments after the end of the agreement?
