Query,Vague_C Transformation
Consider the Non-Disclosure Agreement between IGC and LSE; Does the document permit the Receiving Party to retain some Confidential Information even after its return or destruction?,Can the Receiving Party keep some Confidential Information after returning or destroying it in a Non-Disclosure Agreement?
Consider DBT's Mutual Non-Disclosure Agreement; Does the document require that all Confidential Information be expressly identified by the Disclosing Party?,"""Would a Mutual Non-Disclosure Agreement typically require the Disclosing Party to explicitly identify all Confidential Information?"""
Consider Evelozcity's Non-Disclosure Agreement; Does the document require that all Confidential Information be expressly identified by the Disclosing Party?,"""Do Non-Disclosure Agreements typically require the Disclosing Party to identify all Confidential Information?"""
Consider the Data Use Agreement in New York City; Does the document permit the Receiving Party to retain some Confidential Information even after its return or destruction?,"""Can the Receiving Party keep some Confidential Information after returning or destroying it, as per Data Use Agreements in New York City?"""
Consider the Non-Disclosure Agreement between IBC and PMS; Does the document allow the Receiving Party to acquire information similar to the Confidential Information from a third party?,"""Can the Receiving Party obtain similar information from a third party under a Non-Disclosure Agreement?"""
Consider GreenStorm's Non-Disclosure Agreement; Does the document include a clause that prohibits the Receiving Party from soliciting some of the Disclosing Party's representatives?,"""Are Non-Disclosure Agreements known to restrict the Receiving Party from soliciting the Disclosing Party's representatives?"""
Consider the Non-Disclosure Agreement between IBC and PMS; Does the document indicate that the Agreement does not grant the Receiving Party any rights to the Confidential Information?,Does a typical Non-Disclosure Agreement restrict the Receiving Party's rights to Confidential Information?
Consider the Non-Disclosure Agreement between CopAcc and ToP Mentors; Does the document allow the Receiving Party to acquire information similar to the Confidential Information from a third party?,"""Can the Receiving Party obtain similar information from a third party under a Non-Disclosure Agreement?"""
Consider the Data Use Agreement in New York City; Does the document allow the Receiving Party to share some Confidential Information with their employees?,"""Can the Receiving Party share some Confidential Information with their employees in Data Use Agreements?"""
Consider INFOMAGNET's Non-Disclosure Agreement; Does the document require that all Confidential Information be expressly identified by the Disclosing Party?,"""Do Non-Disclosure Agreements commonly mandate the explicit identification of Confidential Information by the Disclosing Party?"""
"Consider the Non-Disclosure Agreement between CopAcc and ToP Mentors; Does the document require the Receiving Party to notify the Disclosing Party if they are required by law, regulation, or judicial process to disclose any Confidential Information?",Does a typical Non-Disclosure Agreement ask the Receiving Party to inform the Disclosing Party if compelled by law to disclose Confidential Information?
Consider the Non-Disclosure Agreement between DoiT and ICN; Does the document restrict the use of Confidential Information to the purposes stated in the Agreement?,Does a typical Non-Disclosure Agreement limit the use of Confidential Information to specified purposes?
Consider the Non-Disclosure Agreement between IGC and LSE; Does the document require that all Confidential Information be expressly identified by the Disclosing Party?,Does a typical Non-Disclosure Agreement require the Disclosing Party to expressly identify all Confidential Information?
Consider Epsteen's Non-Disclosure Agreement; Does the document state that Confidential Information shall only include technical information?,Does Non-Disclosure Agreements typically specify the types of information considered as Confidential?
"Consider FNHA's Non-Disclosure Agreement; Does the document allow the Receiving Party to share some Confidential Information with third parties, including consultants, agents, and professional advisors?","""Can the Receiving Party share Confidential Information with third parties under Non-Disclosure Agreements?"""
Consider the Mutual Non-Disclosure Agreement between IPTK and CO; Does the document mention that some obligations of the Agreement may survive the termination of the Agreement?,Do Mutual Non-Disclosure Agreements typically include obligations that continue after termination?
Consider Eskom's Confidentiality and Non-Disclosure Agreement; Does the document mention that some obligations of the Agreement may survive the termination of the Agreement?,Do confidentiality agreements typically have obligations that continue after the agreement ends?
Consider FNHA's Non-Disclosure Agreement; Does the document require that all Confidential Information be expressly identified by the Disclosing Party?,"""Are Non-Disclosure Agreements commonly expected to specify how Confidential Information should be identified?"""
Consider the Mutual Non-Disclosure Agreement between IPTK and CO; Does the document indicate that the Agreement does not grant the Receiving Party any rights to the Confidential Information?,"""Would a Mutual Non-Disclosure Agreement typically restrict rights to Confidential Information?"""
Consider Excelerate's Non-Disclosure Agreement; Does the document mention that some obligations of the Agreement may survive the termination of the Agreement?,Do Non-Disclosure Agreements typically have obligations that continue after termination?
