Query,Vague_B Transformation
Consider the Non-Disclosure Agreement between IGC and LSE; Does the document permit the Receiving Party to retain some Confidential Information even after its return or destruction?,Does the agreement allow one party to keep certain confidential information even after giving it back or getting rid of it?
Consider DBT's Mutual Non-Disclosure Agreement; Does the document require that all Confidential Information be expressly identified by the Disclosing Party?,Does the Mutual Non-Disclosure Agreement from DBT need the Disclosing Party to clearly mark all Confidential Information?
Consider Evelozcity's Non-Disclosure Agreement; Does the document require that all Confidential Information be expressly identified by the Disclosing Party?,Does Evelozcity's agreement specify how to mark private information?
Consider the Data Use Agreement in New York City; Does the document permit the Receiving Party to retain some Confidential Information even after its return or destruction?,Does the New York City Data Use Agreement allow the Receiving Party to keep some Confidential Information even after returning or destroying it?
Consider the Non-Disclosure Agreement between IBC and PMS; Does the document allow the Receiving Party to acquire information similar to the Confidential Information from a third party?,Does the agreement allow one party to get similar information from someone else?
Consider GreenStorm's Non-Disclosure Agreement; Does the document include a clause that prohibits the Receiving Party from soliciting some of the Disclosing Party's representatives?,Does GreenStorm's agreement forbid one party from contacting certain individuals associated with the other party?
Consider the Non-Disclosure Agreement between IBC and PMS; Does the document indicate that the Agreement does not grant the Receiving Party any rights to the Confidential Information?,Does the agreement between IBC and PMS state that the Receiving Party is not allowed to use the confidential information?
Consider the Non-Disclosure Agreement between CopAcc and ToP Mentors; Does the document allow the Receiving Party to acquire information similar to the Confidential Information from a third party?,Can the Receiving Party get similar information from someone else according to the Non-Disclosure Agreement between CopAcc and ToP Mentors?
Consider the Data Use Agreement in New York City; Does the document allow the Receiving Party to share some Confidential Information with their employees?,Does the agreement in New York City allow sharing confidential information with employees?
Consider INFOMAGNET's Non-Disclosure Agreement; Does the document require that all Confidential Information be expressly identified by the Disclosing Party?,Does the INFOMAGNET Non-Disclosure Agreement ask the Disclosing Party to clearly mark any Confidential Information?
"Consider the Non-Disclosure Agreement between CopAcc and ToP Mentors; Does the document require the Receiving Party to notify the Disclosing Party if they are required by law, regulation, or judicial process to disclose any Confidential Information?",Does the Non-Disclosure Agreement between CopAcc and ToP Mentors require the Receiving Party to inform the Disclosing Party if they must disclose Confidential Information due to legal requirements?
Consider the Non-Disclosure Agreement between DoiT and ICN; Does the document restrict the use of Confidential Information to the purposes stated in the Agreement?,Does the agreement between DoiT and ICN limit the use of confidential information to the specified purposes?
Consider the Non-Disclosure Agreement between IGC and LSE; Does the document require that all Confidential Information be expressly identified by the Disclosing Party?,Does the agreement between IGC and LSE specify that the party sharing information must clearly mark it as confidential?
Consider Epsteen's Non-Disclosure Agreement; Does the document state that Confidential Information shall only include technical information?,Does the document specify what type of information is considered confidential in Epsteen's Non-Disclosure Agreement?
"Consider FNHA's Non-Disclosure Agreement; Does the document allow the Receiving Party to share some Confidential Information with third parties, including consultants, agents, and professional advisors?",Does the agreement permit the Receiving Party to share certain information with outside parties?
Consider the Mutual Non-Disclosure Agreement between IPTK and CO; Does the document mention that some obligations of the Agreement may survive the termination of the Agreement?,Does the agreement between IPTK and CO mention if certain responsibilities continue even after the agreement ends?
Consider Eskom's Confidentiality and Non-Disclosure Agreement; Does the document mention that some obligations of the Agreement may survive the termination of the Agreement?,Does Eskom's agreement mention if some responsibilities may continue even after the agreement ends?
Consider FNHA's Non-Disclosure Agreement; Does the document require that all Confidential Information be expressly identified by the Disclosing Party?,Does FNHA's agreement ask for all secret information to be clearly marked by the one sharing it?
Consider the Mutual Non-Disclosure Agreement between IPTK and CO; Does the document indicate that the Agreement does not grant the Receiving Party any rights to the Confidential Information?,Does the agreement between IPTK and CO state that the Receiving Party does not have rights to the confidential information?
Consider Excelerate's Non-Disclosure Agreement; Does the document mention that some obligations of the Agreement may survive the termination of the Agreement?,Does the Excelerate's Non-Disclosure Agreement state if certain responsibilities continue even after the Agreement ends?
